{
    "project_info": {
      "project_number": "328210612470",
      "project_id": "propair-app",
      "storage_bucket": "propair-app.firebasestorage.app"
    },
    "client": [
      {
        "client_info": {
          "mobilesdk_app_id": "1:328210612470:android:c49d5681a64fc330596cd7",
          "android_client_info": {
            "package_name": "com.example.pro_pair"
          }
        },
        "oauth_client": [],
        "api_key": [
          {
            "current_key": "AIzaSyAQQZByKjmwebWW1Xwa6vB5e3nu5Mm5Jh0"
          }
        ],
        "services": {
          "appinvite_service": {
            "other_platform_oauth_client": []
          }
        }
      }
    ],
    "configuration_version": "1"
  }